page,line,token,text,x0,x1,mid_x,band,phase,label_key,used_axis,reassigned_from,wrap_affinity
17,19,,Account,36.75,73.52269744873047,55.136348724365234,label,validate_anchor_row_relaxed,,x0,,
17,19,0,Account,36.75,73.52269744873047,55.136348724365234,label,anchor,account_number_display,x0,,
17,19,,#,75.861328125,81.66632843017578,78.76382827758789,label,validate_anchor_row_relaxed,,x0,,
17,19,1,#,75.861328125,81.66632843017578,78.76382827758789,label,anchor,account_number_display,x0,,
17,19,,464018**********,172.875,253.2615203857422,213.0682601928711,tu,validate_anchor_row_relaxed,,x0,,
17,19,2,464018**********,172.875,253.2615203857422,213.0682601928711,tu,anchor,account_number_display,x0,,
17,19,,464018******,309.0,369.55841064453125,339.2792053222656,xp,validate_anchor_row_relaxed,,x0,,
17,19,3,464018******,309.0,369.55841064453125,339.2792053222656,xp,anchor,account_number_display,x0,,
17,19,,464018******,445.125,505.68341064453125,475.4042053222656,eq,validate_anchor_row_relaxed,,x0,,
17,19,4,464018******,445.125,505.68341064453125,475.4042053222656,eq,anchor,account_number_display,x0,,
17,19,,Account,36.75,73.52269744873047,55.136348724365234,label,band,,x0,,
17,19,,#,75.861328125,81.66632843017578,78.76382827758789,label,band,,x0,,
17,19,,464018**********,172.875,253.2615203857422,213.0682601928711,tu,band,,x0,,
17,19,,464018******,309.0,369.55841064453125,339.2792053222656,xp,band,,x0,,
17,19,,464018******,445.125,505.68341064453125,475.4042053222656,eq,band,,x0,,
17,19,,#,75.861328125,81.66632843017578,78.76382827758789,label,in_label_band,,x0,,
17,19,0,Account,36.75,73.52269744873047,55.136348724365234,label,labeled,account_number_display,x0,,
17,19,1,#,75.861328125,81.66632843017578,78.76382827758789,label,labeled,account_number_display,x0,,
17,19,2,464018**********,172.875,253.2615203857422,213.0682601928711,tu,labeled,account_number_display,x0,,
17,19,3,464018******,309.0,369.55841064453125,339.2792053222656,xp,labeled,account_number_display,x0,,
17,19,4,464018******,445.125,505.68341064453125,475.4042053222656,eq,labeled,account_number_display,x0,,
17,20,,High,36.75,57.380287170410156,47.06514358520508,label,heading_check,,x0,,
17,20,,Balance:,59.72021484375,97.81060791015625,78.76541137695312,label,heading_check,,x0,,
17,20,,"$8,894",172.875,200.4874267578125,186.68121337890625,label,heading_check,,x0,,
17,20,,"$8,894",309.0,336.6124267578125,322.80621337890625,xp,heading_check,,x0,,
17,20,,High,36.75,57.380287170410156,47.06514358520508,label,band,,x0,,
17,20,,Balance:,59.72021484375,97.81060791015625,78.76541137695312,label,band,,x0,,
17,20,,"$8,894",172.875,200.4874267578125,186.68121337890625,label,band,,x0,,
17,20,,"$8,894",309.0,336.6124267578125,322.80621337890625,xp,band,,x0,,
17,20,,$0,445.125,455.3922119140625,450.25860595703125,eq,band,,x0,,
17,20,0,High,36.75,57.380287170410156,47.06514358520508,label,labeled,high_balance,x0,,
17,20,1,Balance:,59.72021484375,97.81060791015625,78.76541137695312,label,labeled,high_balance,x0,,
17,20,2,"$8,894",172.875,200.4874267578125,186.68121337890625,tu,labeled,high_balance,x0,,
17,20,3,"$8,894",309.0,336.6124267578125,322.80621337890625,xp,labeled,high_balance,x0,,
17,20,4,$0,445.125,455.3922119140625,450.25860595703125,eq,labeled,high_balance,x0,,
17,21,,Last,36.75,55.65013885498047,46.200069427490234,label,heading_check,,x0,,
17,21,,Verified:,57.98876953125,95.79351806640625,76.89114379882812,label,heading_check,,x0,,
17,21,,18.7.2025,172.875,213.1173095703125,192.99615478515625,tu,heading_check,,x0,,
17,21,,Last,36.75,55.65013885498047,46.200069427490234,label,band,,x0,,
17,21,,Verified:,57.98876953125,95.79351806640625,76.89114379882812,label,band,,x0,,
17,21,,18.7.2025,172.875,213.1173095703125,192.99615478515625,tu,band,,x0,,
17,21,,--,309.0,314.7850036621094,311.8925018310547,xp,band,,x0,,
17,21,,--,445.125,450.9100036621094,448.0175018310547,eq,band,,x0,,
17,21,0,Last,36.75,55.65013885498047,46.200069427490234,label,labeled,last_verified,x0,,
17,21,1,Verified:,57.98876953125,95.79351806640625,76.89114379882812,label,labeled,last_verified,x0,,
17,21,2,18.7.2025,172.875,213.1173095703125,192.99615478515625,tu,labeled,last_verified,x0,,
17,21,3,--,309.0,314.7850036621094,311.8925018310547,xp,labeled,last_verified,x0,,
17,21,4,--,445.125,450.9100036621094,448.0175018310547,eq,labeled,last_verified,x0,,
17,22,,Date,36.75,58.064884185791016,47.40744209289551,label,heading_check,,x0,,
17,22,,of,60.41015625,69.46542358398438,64.93778991699219,label,heading_check,,x0,,
17,22,,Last,71.80517578125,90.70531463623047,81.25524520874023,label,heading_check,,x0,,
17,22,,Activity:,93.0439453125,129.99176025390625,111.51785278320312,label,heading_check,,x0,,
17,22,,18.7.2025,172.875,213.1173095703125,192.99615478515625,tu,heading_check,,x0,,
17,22,,Date,36.75,58.064884185791016,47.40744209289551,label,band,,x0,,
17,22,,of,60.41015625,69.46542358398438,64.93778991699219,label,band,,x0,,
17,22,,Last,71.80517578125,90.70531463623047,81.25524520874023,label,band,,x0,,
17,22,,Activity:,93.0439453125,129.99176025390625,111.51785278320312,label,band,,x0,,
17,22,,18.7.2025,172.875,213.1173095703125,192.99615478515625,tu,band,,x0,,
17,22,,1.7.2025,309.0,344.1051025390625,326.55255126953125,xp,band,,x0,,
17,22,,1.7.2025,445.125,480.2301025390625,462.67755126953125,eq,band,,x0,,
17,22,0,Date,36.75,58.064884185791016,47.40744209289551,label,labeled,date_of_last_activity,x0,,
17,22,1,of,60.41015625,69.46542358398438,64.93778991699219,label,labeled,date_of_last_activity,x0,,
17,22,2,Last,71.80517578125,90.70531463623047,81.25524520874023,label,labeled,date_of_last_activity,x0,,
17,22,3,Activity:,93.0439453125,129.99176025390625,111.51785278320312,label,labeled,date_of_last_activity,x0,,
17,22,4,18.7.2025,172.875,213.1173095703125,192.99615478515625,tu,labeled,date_of_last_activity,x0,,
17,22,5,1.7.2025,309.0,344.1051025390625,326.55255126953125,xp,labeled,date_of_last_activity,x0,,
17,22,6,1.7.2025,445.125,480.2301025390625,462.67755126953125,eq,labeled,date_of_last_activity,x0,,
17,23,,Date,36.75,58.064884185791016,47.40744209289551,label,heading_check,,x0,,
17,23,,Reported:,60.41015625,104.50787353515625,82.45901489257812,label,heading_check,,x0,,
17,23,,18.7.2025,172.875,213.1173095703125,192.99615478515625,tu,heading_check,,x0,,
17,23,,Date,36.75,58.064884185791016,47.40744209289551,label,band,,x0,,
17,23,,Reported:,60.41015625,104.50787353515625,82.45901489257812,label,band,,x0,,
17,23,,18.7.2025,172.875,213.1173095703125,192.99615478515625,tu,band,,x0,,
17,23,,18.7.2025,309.0,349.2423095703125,329.12115478515625,xp,band,,x0,,
17,23,,1.7.2025,445.125,480.2301025390625,462.67755126953125,eq,band,,x0,,
17,23,0,Date,36.75,58.064884185791016,47.40744209289551,label,labeled,date_reported,x0,,
17,23,1,Reported:,60.41015625,104.50787353515625,82.45901489257812,label,labeled,date_reported,x0,,
17,23,2,18.7.2025,172.875,213.1173095703125,192.99615478515625,tu,labeled,date_reported,x0,,
17,23,3,18.7.2025,309.0,349.2423095703125,329.12115478515625,xp,labeled,date_reported,x0,,
17,23,4,1.7.2025,445.125,480.2301025390625,462.67755126953125,eq,labeled,date_reported,x0,,
17,24,,Date,36.75,58.064884185791016,47.40744209289551,label,heading_check,,x0,,
17,24,,Opened:,60.41015625,98.07867431640625,79.24441528320312,label,heading_check,,x0,,
17,24,,3.12.2008,172.875,213.1173095703125,192.99615478515625,tu,heading_check,,x0,,
17,24,,Date,36.75,58.064884185791016,47.40744209289551,label,band,,x0,,
17,24,,Opened:,60.41015625,98.07867431640625,79.24441528320312,label,band,,x0,,
17,24,,3.12.2008,172.875,213.1173095703125,192.99615478515625,tu,band,,x0,,
17,24,,1.12.2008,309.0,349.2423095703125,329.12115478515625,xp,band,,x0,,
17,24,,1.12.2008,445.125,485.3673095703125,465.24615478515625,eq,band,,x0,,
17,24,0,Date,36.75,58.064884185791016,47.40744209289551,label,labeled,date_opened,x0,,
17,24,1,Opened:,60.41015625,98.07867431640625,79.24441528320312,label,labeled,date_opened,x0,,
17,24,2,3.12.2008,172.875,213.1173095703125,192.99615478515625,tu,labeled,date_opened,x0,,
17,24,3,1.12.2008,309.0,349.2423095703125,329.12115478515625,xp,labeled,date_opened,x0,,
17,24,4,1.12.2008,445.125,485.3673095703125,465.24615478515625,eq,labeled,date_opened,x0,,
17,25,,Balance,36.75,72.26800537109375,54.509002685546875,label,heading_check,,x0,,
17,25,,Owed:,74.61328125,103.05767822265625,88.83547973632812,label,heading_check,,x0,,
17,25,,"$1,571",172.875,200.4874267578125,186.68121337890625,label,heading_check,,x0,,
17,25,,"$1,571",309.0,336.6124267578125,322.80621337890625,xp,heading_check,,x0,,
17,25,,Balance,36.75,72.26800537109375,54.509002685546875,label,band,,x0,,
17,25,,Owed:,74.61328125,103.05767822265625,88.83547973632812,label,band,,x0,,
17,25,,"$1,571",172.875,200.4874267578125,186.68121337890625,label,band,,x0,,
17,25,,"$1,571",309.0,336.6124267578125,322.80621337890625,xp,band,,x0,,
17,25,,"$1,571",445.125,472.7374267578125,458.93121337890625,eq,band,,x0,,
17,25,0,Balance,36.75,72.26800537109375,54.509002685546875,label,labeled,balance_owed,x0,,
17,25,1,Owed:,74.61328125,103.05767822265625,88.83547973632812,label,labeled,balance_owed,x0,,
17,25,2,"$1,571",172.875,200.4874267578125,186.68121337890625,tu,labeled,balance_owed,x0,,
17,25,3,"$1,571",309.0,336.6124267578125,322.80621337890625,xp,labeled,balance_owed,x0,,
17,25,4,"$1,571",445.125,472.7374267578125,458.93121337890625,eq,labeled,balance_owed,x0,,
17,26,,Closed,36.75,66.28273010253906,51.51636505126953,label,heading_check,,x0,,
17,26,,Date:,68.6279296875,92.51519775390625,80.57156372070312,label,heading_check,,x0,,
17,26,,--,172.875,178.66000366210938,175.7675018310547,label,heading_check,,x0,,
17,26,,--,309.0,314.7850036621094,311.8925018310547,xp,heading_check,,x0,,
17,26,,Closed,36.75,66.28273010253906,51.51636505126953,label,band,,x0,,
17,26,,Date:,68.6279296875,92.51519775390625,80.57156372070312,label,band,,x0,,
17,26,,--,172.875,178.66000366210938,175.7675018310547,label,band,,x0,,
17,26,,--,309.0,314.7850036621094,311.8925018310547,xp,band,,x0,,
17,26,,--,445.125,450.9100036621094,448.0175018310547,eq,band,,x0,,
17,26,0,Closed,36.75,66.28273010253906,51.51636505126953,label,labeled,closed_date,x0,,
17,26,1,Date:,68.6279296875,92.51519775390625,80.57156372070312,label,labeled,closed_date,x0,,
17,26,2,--,172.875,178.66000366210938,175.7675018310547,tu,labeled,closed_date,x0,,
17,26,3,--,309.0,314.7850036621094,311.8925018310547,xp,labeled,closed_date,x0,,
17,26,4,--,445.125,450.9100036621094,448.0175018310547,eq,labeled,closed_date,x0,,
17,27,,Account,36.75,73.52269744873047,55.136348724365234,label,heading_check,,x0,,
17,27,,Rating:,75.861328125,107.45660400390625,91.65896606445312,label,heading_check,,x0,,
17,27,,Open,172.875,195.36322021484375,184.11911010742188,label,heading_check,,x0,,
17,27,,Open,309.0,331.48822021484375,320.2441101074219,xp,heading_check,,x0,,
17,27,,Account,36.75,73.52269744873047,55.136348724365234,label,band,,x0,,
17,27,,Rating:,75.861328125,107.45660400390625,91.65896606445312,label,band,,x0,,
17,27,,Open,172.875,195.36322021484375,184.11911010742188,label,band,,x0,,
17,27,,Open,309.0,331.48822021484375,320.2441101074219,xp,band,,x0,,
17,27,,Open,445.125,467.61322021484375,456.3691101074219,eq,band,,x0,,
17,27,0,Account,36.75,73.52269744873047,55.136348724365234,label,labeled,account_rating,x0,,
17,27,1,Rating:,75.861328125,107.45660400390625,91.65896606445312,label,labeled,account_rating,x0,,
17,27,2,Open,172.875,195.36322021484375,184.11911010742188,tu,labeled,account_rating,x0,,
17,27,3,Open,309.0,331.48822021484375,320.2441101074219,xp,labeled,account_rating,x0,,
17,27,4,Open,445.125,467.61322021484375,456.3691101074219,eq,labeled,account_rating,x0,,
17,28,,Account,36.75,73.52269744873047,55.136348724365234,label,heading_check,,x0,,
17,28,,Description:,75.861328125,130.17633056640625,103.01882934570312,label,heading_check,,x0,,
17,28,,Individual,172.875,211.48907470703125,192.18203735351562,tu,heading_check,,x0,,
17,28,,Account,36.75,73.52269744873047,55.136348724365234,label,band,,x0,,
17,28,,Description:,75.861328125,130.17633056640625,103.01882934570312,label,band,,x0,,
17,28,,Individual,172.875,211.48907470703125,192.18203735351562,tu,band,,x0,,
17,28,,Individual,309.0,347.61407470703125,328.3070373535156,xp,band,,x0,,
17,28,,Individual,445.125,483.73907470703125,464.4320373535156,eq,band,,x0,,
17,28,0,Account,36.75,73.52269744873047,55.136348724365234,label,labeled,account_description,x0,,
17,28,1,Description:,75.861328125,130.17633056640625,103.01882934570312,label,labeled,account_description,x0,,
17,28,2,Individual,172.875,211.48907470703125,192.18203735351562,tu,labeled,account_description,x0,,
17,28,3,Individual,309.0,347.61407470703125,328.3070373535156,xp,labeled,account_description,x0,,
17,28,4,Individual,445.125,483.73907470703125,464.4320373535156,eq,labeled,account_description,x0,,
17,29,,Dispute,36.75,71.45941162109375,54.104705810546875,label,heading_check,,x0,,
17,29,,Status:,73.8046875,104.96490478515625,89.38479614257812,label,heading_check,,x0,,
17,29,,Account,172.875,205.74183654785156,189.30841827392578,label,heading_check,,x0,,
17,29,,not,208.083984375,221.68080139160156,214.88239288330078,tu,heading_check,,x0,,
17,29,,Dispute,36.75,71.45941162109375,54.104705810546875,label,band,,x0,,
17,29,,Status:,73.8046875,104.96490478515625,89.38479614257812,label,band,,x0,,
17,29,,Account,172.875,205.74183654785156,189.30841827392578,label,band,,x0,,
17,29,,not,208.083984375,221.68080139160156,214.88239288330078,tu,band,,x0,,
17,29,,disputed,224.02294921875,259.5859680175781,241.80445861816406,tu,band,,x0,,
17,29,,Account,309.0,341.8668518066406,325.4334259033203,xp,band,,x0,,
17,29,,not,344.208984375,357.8058166503906,351.0074005126953,xp,band,,x0,,
17,29,,disputed,360.14794921875,395.7109680175781,377.92945861816406,xp,band,,x0,,
17,29,,Account,445.125,477.9918518066406,461.5584259033203,eq,band,,x0,,
17,29,,not,480.333984375,493.9308166503906,487.1324005126953,eq,band,,x0,,
17,29,,disputed,496.27294921875,531.8359375,514.054443359375,eq,band,,x0,,
17,29,0,Dispute,36.75,71.45941162109375,54.104705810546875,label,labeled,dispute_status,x0,,
17,29,1,Status:,73.8046875,104.96490478515625,89.38479614257812,label,labeled,dispute_status,x0,,
17,29,2,Account,172.875,205.74183654785156,189.30841827392578,tu,labeled,dispute_status,x0,,
17,29,3,not,208.083984375,221.68080139160156,214.88239288330078,tu,labeled,dispute_status,x0,,
17,29,4,disputed,224.02294921875,259.5859680175781,241.80445861816406,tu,labeled,dispute_status,x0,,
17,29,5,Account,309.0,341.8668518066406,325.4334259033203,xp,labeled,dispute_status,x0,,
17,29,6,not,344.208984375,357.8058166503906,351.0074005126953,xp,labeled,dispute_status,x0,,
17,29,7,disputed,360.14794921875,395.7109680175781,377.92945861816406,xp,labeled,dispute_status,x0,,
17,29,8,Account,445.125,477.9918518066406,461.5584259033203,eq,labeled,dispute_status,x0,,
17,29,9,not,480.333984375,493.9308166503906,487.1324005126953,eq,labeled,dispute_status,x0,,
17,29,10,disputed,496.27294921875,531.8359375,514.054443359375,eq,labeled,dispute_status,x0,,
17,30,,Creditor,36.75,73.89605712890625,55.323028564453125,label,heading_check,,x0,,
17,30,,Type:,76.23486328125,100.14410400390625,88.18948364257812,label,heading_check,,x0,,
17,30,,Bank,172.875,192.9456329345703,182.91031646728516,label,heading_check,,x0,,
17,30,,Credit,195.29150390625,219.72084045410156,207.50617218017578,tu,heading_check,,x0,,
17,30,,Creditor,36.75,73.89605712890625,55.323028564453125,label,band,,x0,,
17,30,,Type:,76.23486328125,100.14410400390625,88.18948364257812,label,band,,x0,,
17,30,,Bank,172.875,192.9456329345703,182.91031646728516,label,band,,x0,,
17,30,,Credit,195.29150390625,219.72084045410156,207.50617218017578,tu,band,,x0,,
17,30,,Cards,222.06298828125,245.46087646484375,233.76193237304688,tu,band,,x0,,
17,30,,Bank,309.0,329.07061767578125,319.0353088378906,xp,band,,x0,,
17,30,,Credit,331.41650390625,355.8458557128906,343.6311798095703,xp,band,,x0,,
17,30,,Cards,358.18798828125,381.58587646484375,369.8869323730469,xp,band,,x0,,
17,30,,National,445.125,478.82159423828125,461.9732971191406,eq,band,,x0,,
17,30,,Credit,481.16015625,505.5895080566406,493.3748321533203,eq,band,,x0,,
17,30,,Card,507.931640625,527.142578125,517.537109375,eq,band,,x0,,
17,30,,Companies,529.482421875,574.8969116210938,552.1896667480469,eq,band,,x0,,
17,30,0,Creditor,36.75,73.89605712890625,55.323028564453125,label,labeled,creditor_type,x0,,
17,30,1,Type:,76.23486328125,100.14410400390625,88.18948364257812,label,labeled,creditor_type,x0,,
17,30,2,Bank,172.875,192.9456329345703,182.91031646728516,tu,labeled,creditor_type,x0,,
17,30,3,Credit,195.29150390625,219.72084045410156,207.50617218017578,tu,labeled,creditor_type,x0,,
17,30,4,Cards,222.06298828125,245.46087646484375,233.76193237304688,tu,labeled,creditor_type,x0,,
17,30,5,Bank,309.0,329.07061767578125,319.0353088378906,xp,labeled,creditor_type,x0,,
17,30,6,Credit,331.41650390625,355.8458557128906,343.6311798095703,xp,labeled,creditor_type,x0,,
17,30,7,Cards,358.18798828125,381.58587646484375,369.8869323730469,xp,labeled,creditor_type,x0,,
17,30,8,National,445.125,478.82159423828125,461.9732971191406,eq,labeled,creditor_type,x0,,
17,30,9,Credit,481.16015625,505.5895080566406,493.3748321533203,eq,labeled,creditor_type,x0,,
17,30,10,Card,507.931640625,527.142578125,517.537109375,eq,labeled,creditor_type,x0,,
17,30,11,Companies,529.482421875,574.8969116210938,552.1896667480469,eq,labeled,creditor_type,x0,,
17,31,,Account,36.75,73.52269744873047,55.136348724365234,label,heading_check,,x0,,
17,31,,Status:,75.861328125,107.02154541015625,91.44143676757812,label,heading_check,,x0,,
17,31,,Open,172.875,195.36322021484375,184.11911010742188,label,heading_check,,x0,,
17,31,,Open,309.0,331.48822021484375,320.2441101074219,xp,heading_check,,x0,,
17,31,,Account,36.75,73.52269744873047,55.136348724365234,label,band,,x0,,
17,31,,Status:,75.861328125,107.02154541015625,91.44143676757812,label,band,,x0,,
17,31,,Open,172.875,195.36322021484375,184.11911010742188,label,band,,x0,,
17,31,,Open,309.0,331.48822021484375,320.2441101074219,xp,band,,x0,,
17,31,,Open,445.125,467.61322021484375,456.3691101074219,eq,band,,x0,,
17,31,0,Account,36.75,73.52269744873047,55.136348724365234,label,labeled,account_status,x0,,
17,31,1,Status:,75.861328125,107.02154541015625,91.44143676757812,label,labeled,account_status,x0,,
17,31,2,Open,172.875,195.36322021484375,184.11911010742188,tu,labeled,account_status,x0,,
17,31,3,Open,309.0,331.48822021484375,320.2441101074219,xp,labeled,account_status,x0,,
17,31,4,Open,445.125,467.61322021484375,456.3691101074219,eq,labeled,account_status,x0,,
17,32,,Payment,36.75,76.93285369873047,56.841426849365234,label,heading_check,,x0,,
17,32,,Status:,79.271484375,110.43170166015625,94.85159301757812,label,heading_check,,x0,,
17,32,,Current,172.875,204.04115295410156,188.45807647705078,label,heading_check,,x0,,
17,32,,Current,309.0,340.1661682128906,324.5830841064453,xp,heading_check,,x0,,
17,32,,Payment,36.75,76.93285369873047,56.841426849365234,label,band,,x0,,
17,32,,Status:,79.271484375,110.43170166015625,94.85159301757812,label,band,,x0,,
17,32,,Current,172.875,204.04115295410156,188.45807647705078,label,band,,x0,,
17,32,,Current,309.0,340.1661682128906,324.5830841064453,xp,band,,x0,,
17,32,,Current,445.125,476.2911682128906,460.7080841064453,eq,band,,x0,,
17,32,0,Payment,36.75,76.93285369873047,56.841426849365234,label,labeled,payment_status,x0,,
17,32,1,Status:,79.271484375,110.43170166015625,94.85159301757812,label,labeled,payment_status,x0,,
17,32,2,Current,172.875,204.04115295410156,188.45807647705078,tu,labeled,payment_status,x0,,
17,32,3,Current,309.0,340.1661682128906,324.5830841064453,xp,labeled,payment_status,x0,,
17,32,4,Current,445.125,476.2911682128906,460.7080841064453,eq,labeled,payment_status,x0,,
17,33,,Creditor,36.75,73.89605712890625,55.323028564453125,label,heading_check,,x0,,
17,33,,Remarks:,76.23486328125,118.47369384765625,97.35427856445312,label,heading_check,,x0,,
17,33,,--,172.875,178.66000366210938,175.7675018310547,label,heading_check,,x0,,
17,33,,--,309.0,314.7850036621094,311.8925018310547,xp,heading_check,,x0,,
17,33,,Creditor,36.75,73.89605712890625,55.323028564453125,label,band,,x0,,
17,33,,Remarks:,76.23486328125,118.47369384765625,97.35427856445312,label,band,,x0,,
17,33,,--,172.875,178.66000366210938,175.7675018310547,label,band,,x0,,
17,33,,--,309.0,314.7850036621094,311.8925018310547,xp,band,,x0,,
17,33,,Flexible,445.125,475.4707946777344,460.2978973388672,eq,band,,x0,,
17,33,,spending,477.8115234375,514.9932861328125,496.40240478515625,eq,band,,x0,,
17,33,,credit,517.3359375,540.4556884765625,528.8958129882812,eq,band,,x0,,
17,33,,card,542.7978515625,560.69921875,551.74853515625,eq,band,,x0,,
17,33,0,Creditor,36.75,73.89605712890625,55.323028564453125,label,labeled,creditor_remarks,x0,,
17,33,1,Remarks:,76.23486328125,118.47369384765625,97.35427856445312,label,labeled,creditor_remarks,x0,,
17,33,2,--,172.875,178.66000366210938,175.7675018310547,tu,labeled,creditor_remarks,x0,,
17,33,3,--,309.0,314.7850036621094,311.8925018310547,xp,labeled,creditor_remarks,x0,,
17,33,4,Flexible,445.125,475.4707946777344,460.2978973388672,eq,labeled,creditor_remarks,x0,,
17,33,5,spending,477.8115234375,514.9932861328125,496.40240478515625,eq,labeled,creditor_remarks,x0,,
17,33,6,credit,517.3359375,540.4556884765625,528.8958129882812,eq,labeled,creditor_remarks,x0,,
17,33,7,card,542.7978515625,560.69921875,551.74853515625,eq,labeled,creditor_remarks,x0,,
17,34,,Amount,445.125,477.3898010253906,461.2574005126953,eq,heading_check,,x0,,
17,34,,Amount,445.125,477.3898010253906,461.2574005126953,eq,band,,x0,,
17,34,,in,479.73193359375,487.07659912109375,483.4042663574219,eq,band,,x0,,
17,34,,H/C,489.41748046875,504.5379943847656,496.9777374267578,eq,band,,x0,,
17,34,,column,506.88134765625,537.0424194335938,521.9618835449219,eq,band,,x0,,
17,34,,is,539.38330078125,545.6029663085938,542.4931335449219,eq,band,,x0,,
17,34,,credit,547.9482421875,571.0679931640625,559.5081176757812,eq,band,,x0,,
17,34,0,Amount,445.125,477.3898010253906,461.2574005126953,eq,cont,creditor_remarks,x0,,
17,34,1,in,479.73193359375,487.07659912109375,483.4042663574219,eq,cont,creditor_remarks,x0,,
17,34,2,H/C,489.41748046875,504.5379943847656,496.9777374267578,eq,cont,creditor_remarks,x0,,
17,34,3,column,506.88134765625,537.0424194335938,521.9618835449219,eq,cont,creditor_remarks,x0,,
17,34,4,is,539.38330078125,545.6029663085938,542.4931335449219,eq,cont,creditor_remarks,x0,,
17,34,5,credit,547.9482421875,571.0679931640625,559.5081176757812,eq,cont,creditor_remarks,x0,,
17,35,,limit,445.125,462.1847229003906,453.6548614501953,eq,heading_check,,x0,,
17,35,,limit,445.125,462.1847229003906,453.6548614501953,eq,band,,x0,,
17,35,0,limit,445.125,462.1847229003906,453.6548614501953,eq,cont,creditor_remarks,x0,,
17,36,,Payment,36.75,76.93285369873047,56.841426849365234,label,heading_check,,x0,,
17,36,,Amount:,79.271484375,118.19244384765625,98.73196411132812,label,heading_check,,x0,,
17,36,,$35,172.875,188.2794189453125,180.57720947265625,label,heading_check,,x0,,
17,36,,$35,309.0,324.4044189453125,316.70220947265625,xp,heading_check,,x0,,
17,36,,Payment,36.75,76.93285369873047,56.841426849365234,label,band,,x0,,
17,36,,Amount:,79.271484375,118.19244384765625,98.73196411132812,label,band,,x0,,
17,36,,$35,172.875,188.2794189453125,180.57720947265625,label,band,,x0,,
17,36,,$35,309.0,324.4044189453125,316.70220947265625,xp,band,,x0,,
17,36,,$35,445.125,460.5294189453125,452.82720947265625,eq,band,,x0,,
17,36,0,Payment,36.75,76.93285369873047,56.841426849365234,label,labeled,payment_amount,x0,,
17,36,1,Amount:,79.271484375,118.19244384765625,98.73196411132812,label,labeled,payment_amount,x0,,
17,36,2,$35,172.875,188.2794189453125,180.57720947265625,tu,labeled,payment_amount,x0,,
17,36,3,$35,309.0,324.4044189453125,316.70220947265625,xp,labeled,payment_amount,x0,,
17,36,4,$35,445.125,460.5294189453125,452.82720947265625,eq,labeled,payment_amount,x0,,
18,1,,Last,36.75,55.65013885498047,46.200069427490234,label,heading_check,,x0,,
18,1,,Payment:,57.98876953125,100.73736572265625,79.36306762695312,label,heading_check,,x0,,
18,1,,16.7.2025,172.875,213.1173095703125,192.99615478515625,tu,heading_check,,x0,,
18,1,,Last,36.75,55.65013885498047,46.200069427490234,label,band,,x0,,
18,1,,Payment:,57.98876953125,100.73736572265625,79.36306762695312,label,band,,x0,,
18,1,,16.7.2025,172.875,213.1173095703125,192.99615478515625,tu,band,,x0,,
18,1,,16.7.2025,309.0,349.2423095703125,329.12115478515625,xp,band,,x0,,
18,1,,1.7.2025,445.125,480.2301025390625,462.67755126953125,eq,band,,x0,,
18,1,0,Last,36.75,55.65013885498047,46.200069427490234,label,labeled,last_payment,x0,,
18,1,1,Payment:,57.98876953125,100.73736572265625,79.36306762695312,label,labeled,last_payment,x0,,
18,1,2,16.7.2025,172.875,213.1173095703125,192.99615478515625,tu,labeled,last_payment,x0,,
18,1,3,16.7.2025,309.0,349.2423095703125,329.12115478515625,xp,labeled,last_payment,x0,,
18,1,4,1.7.2025,445.125,480.2301025390625,462.67755126953125,eq,labeled,last_payment,x0,,
18,2,,Term,36.75,60.195213317871094,48.47260665893555,label,heading_check,,x0,,
18,2,,Length:,62.54150390625,96.32965087890625,79.43557739257812,label,heading_check,,x0,,
18,2,,--,172.875,178.66000366210938,175.7675018310547,label,heading_check,,x0,,
18,2,,--,309.0,314.7850036621094,311.8925018310547,xp,heading_check,,x0,,
18,2,,Term,36.75,60.195213317871094,48.47260665893555,label,band,,x0,,
18,2,,Length:,62.54150390625,96.32965087890625,79.43557739257812,label,band,,x0,,
18,2,,--,172.875,178.66000366210938,175.7675018310547,label,band,,x0,,
18,2,,--,309.0,314.7850036621094,311.8925018310547,xp,band,,x0,,
18,2,,--,445.125,450.9100036621094,448.0175018310547,eq,band,,x0,,
18,2,0,Term,36.75,60.195213317871094,48.47260665893555,label,labeled,term_length,x0,,
18,2,1,Length:,62.54150390625,96.32965087890625,79.43557739257812,label,labeled,term_length,x0,,
18,2,2,--,172.875,178.66000366210938,175.7675018310547,tu,labeled,term_length,x0,,
18,2,3,--,309.0,314.7850036621094,311.8925018310547,xp,labeled,term_length,x0,,
18,2,4,--,445.125,450.9100036621094,448.0175018310547,eq,labeled,term_length,x0,,
18,3,,Past,36.75,56.21703338623047,46.483516693115234,label,heading_check,,x0,,
18,3,,Due,58.5556640625,76.44281005859375,67.49923706054688,label,heading_check,,x0,,
18,3,,Amount:,78.7880859375,117.70904541015625,98.24856567382812,label,heading_check,,x0,,
18,3,,$0,172.875,183.1422119140625,178.00860595703125,label,heading_check,,x0,,
18,3,,$0,309.0,319.2672119140625,314.13360595703125,xp,heading_check,,x0,,
18,3,,Past,36.75,56.21703338623047,46.483516693115234,label,band,,x0,,
18,3,,Due,58.5556640625,76.44281005859375,67.49923706054688,label,band,,x0,,
18,3,,Amount:,78.7880859375,117.70904541015625,98.24856567382812,label,band,,x0,,
18,3,,$0,172.875,183.1422119140625,178.00860595703125,label,band,,x0,,
18,3,,$0,309.0,319.2672119140625,314.13360595703125,xp,band,,x0,,
18,3,,$0,445.125,455.3922119140625,450.25860595703125,eq,band,,x0,,
18,3,0,Past,36.75,56.21703338623047,46.483516693115234,label,labeled,past_due_amount,x0,,
18,3,1,Due,58.5556640625,76.44281005859375,67.49923706054688,label,labeled,past_due_amount,x0,,
18,3,2,Amount:,78.7880859375,117.70904541015625,98.24856567382812,label,labeled,past_due_amount,x0,,
18,3,3,$0,172.875,183.1422119140625,178.00860595703125,tu,labeled,past_due_amount,x0,,
18,3,4,$0,309.0,319.2672119140625,314.13360595703125,xp,labeled,past_due_amount,x0,,
18,3,5,$0,445.125,455.3922119140625,450.25860595703125,eq,labeled,past_due_amount,x0,,
18,4,,Account,36.75,73.52269744873047,55.136348724365234,label,heading_check,,x0,,
18,4,,Type:,75.861328125,99.77056884765625,87.81594848632812,label,heading_check,,x0,,
18,4,,Flexible,172.875,203.2207794189453,188.04788970947266,label,heading_check,,x0,,
18,4,,spending,205.5615234375,242.74327087402344,224.15239715576172,tu,heading_check,,x0,,
18,4,,Account,36.75,73.52269744873047,55.136348724365234,label,band,,x0,,
18,4,,Type:,75.861328125,99.77056884765625,87.81594848632812,label,band,,x0,,
18,4,,Flexible,172.875,203.2207794189453,188.04788970947266,label,band,,x0,,
18,4,,spending,205.5615234375,242.74327087402344,224.15239715576172,tu,band,,x0,,
18,4,,credit,245.0859375,268.2057189941406,256.6458282470703,tu,band,,x0,,
18,4,,card,270.5478515625,288.4492492675781,279.49855041503906,xp,band,,x0,,
18,4,,Credit,309.0,333.4293518066406,321.2146759033203,xp,band,,x0,,
18,4,,Card,335.771484375,354.9824523925781,345.37696838378906,xp,band,,x0,,
18,4,,Flexible,445.125,475.4707946777344,460.2978973388672,eq,band,,x0,,
18,4,,spending,477.8115234375,514.9932861328125,496.40240478515625,eq,band,,x0,,
18,4,,credit,517.3359375,540.4556884765625,528.8958129882812,eq,band,,x0,,
18,4,,card,542.7978515625,560.69921875,551.74853515625,eq,band,,x0,,
18,4,0,Account,36.75,73.52269744873047,55.136348724365234,label,labeled,account_type,x0,,
18,4,1,Type:,75.861328125,99.77056884765625,87.81594848632812,label,labeled,account_type,x0,,
18,4,2,Flexible,172.875,203.2207794189453,188.04788970947266,tu,labeled,account_type,x0,,
18,4,3,spending,205.5615234375,242.74327087402344,224.15239715576172,tu,labeled,account_type,x0,,
18,4,4,credit,245.0859375,268.2057189941406,256.6458282470703,tu,labeled,account_type,x0,,
18,4,5,card,270.5478515625,288.4492492675781,279.49855041503906,tu,labeled,account_type,x0,,
18,4,6,Credit,309.0,333.4293518066406,321.2146759033203,xp,labeled,account_type,x0,,
18,4,7,Card,335.771484375,354.9824523925781,345.37696838378906,xp,labeled,account_type,x0,,
18,4,8,Flexible,445.125,475.4707946777344,460.2978973388672,eq,labeled,account_type,x0,,
18,4,9,spending,477.8115234375,514.9932861328125,496.40240478515625,eq,labeled,account_type,x0,,
18,4,10,credit,517.3359375,540.4556884765625,528.8958129882812,eq,labeled,account_type,x0,,
18,4,11,card,542.7978515625,560.69921875,551.74853515625,eq,labeled,account_type,x0,,
18,5,,Payment,36.75,76.93285369873047,56.841426849365234,label,heading_check,,x0,,
18,5,,Frequency:,79.271484375,128.77008056640625,104.02078247070312,label,heading_check,,x0,,
18,5,,--,172.875,178.66000366210938,175.7675018310547,label,heading_check,,x0,,
18,5,,--,309.0,314.7850036621094,311.8925018310547,xp,heading_check,,x0,,
18,5,,Payment,36.75,76.93285369873047,56.841426849365234,label,band,,x0,,
18,5,,Frequency:,79.271484375,128.77008056640625,104.02078247070312,label,band,,x0,,
18,5,,--,172.875,178.66000366210938,175.7675018310547,label,band,,x0,,
18,5,,--,309.0,314.7850036621094,311.8925018310547,xp,band,,x0,,
18,5,,--,445.125,450.9100036621094,448.0175018310547,eq,band,,x0,,
18,5,0,Payment,36.75,76.93285369873047,56.841426849365234,label,labeled,payment_frequency,x0,,
18,5,1,Frequency:,79.271484375,128.77008056640625,104.02078247070312,label,labeled,payment_frequency,x0,,
18,5,2,--,172.875,178.66000366210938,175.7675018310547,tu,labeled,payment_frequency,x0,,
18,5,3,--,309.0,314.7850036621094,311.8925018310547,xp,labeled,payment_frequency,x0,,
18,5,4,--,445.125,450.9100036621094,448.0175018310547,eq,labeled,payment_frequency,x0,,
18,6,,Credit,36.75,64.23705291748047,50.493526458740234,label,heading_check,,x0,,
18,6,,Limit:,66.57568359375,92.46246337890625,79.51907348632812,label,heading_check,,x0,,
18,6,,"$9,000",172.875,200.4874267578125,186.68121337890625,label,heading_check,,x0,,
18,6,,"$9,000",309.0,336.6124267578125,322.80621337890625,xp,heading_check,,x0,,
18,6,,Credit,36.75,64.23705291748047,50.493526458740234,label,band,,x0,,
18,6,,Limit:,66.57568359375,92.46246337890625,79.51907348632812,label,band,,x0,,
18,6,,"$9,000",172.875,200.4874267578125,186.68121337890625,label,band,,x0,,
18,6,,"$9,000",309.0,336.6124267578125,322.80621337890625,xp,band,,x0,,
18,6,,"$9,000",445.125,472.7374267578125,458.93121337890625,eq,band,,x0,,
18,6,0,Credit,36.75,64.23705291748047,50.493526458740234,label,labeled,credit_limit,x0,,
18,6,1,Limit:,66.57568359375,92.46246337890625,79.51907348632812,label,labeled,credit_limit,x0,,
18,6,2,"$9,000",172.875,200.4874267578125,186.68121337890625,tu,labeled,credit_limit,x0,,
18,6,3,"$9,000",309.0,336.6124267578125,322.80621337890625,xp,labeled,credit_limit,x0,,
18,6,4,"$9,000",445.125,472.7374267578125,458.93121337890625,eq,labeled,credit_limit,x0,,
18,7,,Two-Year,36.75,77.17391967773438,56.96195983886719,label,heading_check,,x0,,
18,7,,Payment,79.517578125,118.13214874267578,98.82486343383789,label,heading_check,,x0,,
18,7,,History,120.474609375,151.88092041015625,136.17776489257812,label,heading_check,,x0,,
18,9,,OK,41.94140625,54.047847747802734,47.99462699890137,TU,history2y,,x0,,
18,9,,OK,67.44140625,79.5478515625,73.49462890625,TU,history2y,,x0,,
18,9,,OK,92.94140625,105.0478515625,98.99462890625,TU,history2y,,x0,,
18,9,,OK,118.44140625,130.5478515625,124.49462890625,TU,history2y,,x0,,
18,9,,OK,143.94140625,156.0478515625,149.99462890625,TU,history2y,,x0,,
18,9,,OK,169.44140625,181.5478515625,175.49462890625,TU,history2y,,x0,,
18,9,,OK,194.94140625,207.0478515625,200.99462890625,TU,history2y,,x0,,
18,9,,OK,220.44140625,232.5478515625,226.49462890625,TU,history2y,,x0,,
18,9,,OK,245.94140625,258.0478515625,251.99462890625,TU,history2y,,x0,,
18,9,,OK,271.44140625,283.5478515625,277.49462890625,TU,history2y,,x0,,
18,9,,OK,296.94140625,309.0478515625,302.99462890625,TU,history2y,,x0,,
18,9,,OK,322.44140625,334.5478515625,328.49462890625,TU,history2y,,x0,,
18,9,,OK,347.94140625,360.0478515625,353.99462890625,TU,history2y,,x0,,
18,9,,OK,373.44140625,385.5478515625,379.49462890625,TU,history2y,,x0,,
18,9,,OK,398.94140625,411.0478515625,404.99462890625,TU,history2y,,x0,,
18,9,,OK,424.44140625,436.5478515625,430.49462890625,TU,history2y,,x0,,
18,9,,OK,449.94140625,462.0478515625,455.99462890625,TU,history2y,,x0,,
18,9,,OK,475.44140625,487.5478515625,481.49462890625,TU,history2y,,x0,,
18,9,,OK,500.94140625,513.0478515625,506.99462890625,TU,history2y,,x0,,
18,9,,OK,526.44140625,538.5478515625,532.49462890625,TU,history2y,,x0,,
18,9,,OK,551.94140625,564.0478515625,557.99462890625,TU,history2y,,x0,,
18,11,,OK,41.94140625,54.047847747802734,47.99462699890137,TU,history2y,,x0,,
18,11,,OK,67.44140625,79.5478515625,73.49462890625,TU,history2y,,x0,,
18,11,,OK,92.94140625,105.0478515625,98.99462890625,TU,history2y,,x0,,
18,14,,OK,41.94140625,54.047847747802734,47.99462699890137,XP,history2y,,x0,,
18,14,,OK,67.44140625,79.5478515625,73.49462890625,XP,history2y,,x0,,
18,14,,OK,92.94140625,105.0478515625,98.99462890625,XP,history2y,,x0,,
18,14,,OK,118.44140625,130.5478515625,124.49462890625,XP,history2y,,x0,,
18,14,,OK,143.94140625,156.0478515625,149.99462890625,XP,history2y,,x0,,
18,14,,OK,169.44140625,181.5478515625,175.49462890625,XP,history2y,,x0,,
18,14,,OK,194.94140625,207.0478515625,200.99462890625,XP,history2y,,x0,,
18,14,,OK,220.44140625,232.5478515625,226.49462890625,XP,history2y,,x0,,
18,14,,OK,245.94140625,258.0478515625,251.99462890625,XP,history2y,,x0,,
18,14,,OK,271.44140625,283.5478515625,277.49462890625,XP,history2y,,x0,,
18,14,,OK,296.94140625,309.0478515625,302.99462890625,XP,history2y,,x0,,
18,14,,OK,322.44140625,334.5478515625,328.49462890625,XP,history2y,,x0,,
18,14,,OK,347.94140625,360.0478515625,353.99462890625,XP,history2y,,x0,,
18,14,,OK,373.44140625,385.5478515625,379.49462890625,XP,history2y,,x0,,
18,14,,OK,398.94140625,411.0478515625,404.99462890625,XP,history2y,,x0,,
18,14,,OK,424.44140625,436.5478515625,430.49462890625,XP,history2y,,x0,,
18,14,,OK,449.94140625,462.0478515625,455.99462890625,XP,history2y,,x0,,
18,14,,OK,475.44140625,487.5478515625,481.49462890625,XP,history2y,,x0,,
18,14,,OK,500.94140625,513.0478515625,506.99462890625,XP,history2y,,x0,,
18,14,,OK,526.44140625,538.5478515625,532.49462890625,XP,history2y,,x0,,
18,14,,OK,551.94140625,564.0478515625,557.99462890625,XP,history2y,,x0,,
18,16,,OK,41.94140625,54.047847747802734,47.99462699890137,XP,history2y,,x0,,
18,16,,OK,67.44140625,79.5478515625,73.49462890625,XP,history2y,,x0,,
18,16,,OK,92.94140625,105.0478515625,98.99462890625,XP,history2y,,x0,,
18,22,,Transunion,36.75,87.93546295166016,history7y,slab:tu,
18,22,,Experian,218.25,257.6888732910156,history7y,slab:xp,
18,22,,Equifax,399.75,433.2703552246094,history7y,slab:eq,
18,23,,30:,54.03515625,66.45156860351562,history7y,key:30,
18,23,,0,68.80078125,73.93077850341797,history7y,late30,
18,23,,60:,114.5390625,126.95547485351562,history7y,key:60,
18,23,,0,129.3046875,134.4346923828125,history7y,late60,
18,23,,90:,175.03125,187.44766235351562,history7y,key:90,
18,23,,0,189.796875,194.9268798828125,history7y,late90,
18,23,,30:,235.53515625,247.95156860351562,history7y,key:30,
18,23,,0,250.30078125,255.4307861328125,history7y,late30,
18,23,,60:,296.0390625,308.4554748535156,history7y,key:60,
18,23,,0,310.8046875,315.9346923828125,history7y,late60,
18,23,,90:,356.53125,368.9476623535156,history7y,key:90,
18,23,,0,371.296875,376.4268798828125,history7y,late90,
18,23,,30:,417.03515625,429.4515686035156,history7y,key:30,
18,23,,0,431.80078125,436.9307861328125,history7y,late30,
18,23,,60:,477.5390625,489.9554748535156,history7y,key:60,
18,23,,0,492.3046875,497.4346923828125,history7y,late60,
18,23,,90:,538.03125,550.4476928710938,history7y,key:90,
18,23,,0,552.796875,557.9268798828125,history7y,late90,
18,23,,30:0 60:0 90:0,,,history7y,tu_summary,
18,23,,30:0 60:0 90:0,,,history7y,xp_summary,
18,23,,30:0 60:0 90:0,,,history7y,eq_summary,
